Job Title,Company,Location,Job Link,Posted Date
Hindustan Times - Software Developer - Python Technologies,Hindustan Times,"Gurugram, Haryana, India",https://in.linkedin.com/jobs/view/hindustan-times-software-developer-python-technologies-at-hindustan-times-4168050670?position=1&pageNum=0&refId=VmxXf8FF3qe57gat7cZuPw%3D%3D&trackingId=Dpo8RTfJTWjwUm2Ed3F7Lw%3D%3D,1 month ago
Python Developer,KPMG India,"Bengaluru, Karnataka, India",https://in.linkedin.com/jobs/view/python-developer-at-kpmg-india-4190506681?position=2&pageNum=0&refId=VmxXf8FF3qe57gat7cZuPw%3D%3D&trackingId=x9MGIJx9T6UeIl8qvBG4Nw%3D%3D,3 weeks ago
Python developer,Infosys,"Bengaluru East, Karnataka, India",https://in.linkedin.com/jobs/view/python-developer-at-infosys-4205587457?position=3&pageNum=0&refId=VmxXf8FF3qe57gat7cZuPw%3D%3D&trackingId=GINeNQ9mNPjRi%2B%2FGyZGtOA%3D%3D,1 week ago
Python Developer,Infosys,"Bengaluru, Karnataka, India",https://in.linkedin.com/jobs/view/python-developer-at-infosys-4185424922?position=4&pageNum=0&refId=VmxXf8FF3qe57gat7cZuPw%3D%3D&trackingId=dULHtqPq06dc8eotGJCmmQ%3D%3D,4 weeks ago
Python Developer,Infosys,"Bengaluru East, Karnataka, India",https://in.linkedin.com/jobs/view/python-developer-at-infosys-4191557511?position=5&pageNum=0&refId=VmxXf8FF3qe57gat7cZuPw%3D%3D&trackingId=lQ%2F1uecWDSTQ5BnGZDTUgw%3D%3D,N/A
Developer - Python,Wipro,"Bengaluru, Karnataka, India",https://in.linkedin.com/jobs/view/developer-python-at-wipro-4191893453?position=6&pageNum=0&refId=VmxXf8FF3qe57gat7cZuPw%3D%3D&trackingId=amMxd8%2BBGBG327BPU94eiQ%3D%3D,3 weeks ago
Python Developer,Capgemini,"Bengaluru East, Karnataka, India",https://in.linkedin.com/jobs/view/python-developer-at-capgemini-4211028646?position=7&pageNum=0&refId=VmxXf8FF3qe57gat7cZuPw%3D%3D&trackingId=O%2BaBAV0bKbvbSPbt%2BneLbg%3D%3D,3 days ago
Python Developer,Infosys,"Bengaluru, Karnataka, India",https://in.linkedin.com/jobs/view/python-developer-at-infosys-4155821994?position=8&pageNum=0&refId=VmxXf8FF3qe57gat7cZuPw%3D%3D&trackingId=PCg5ZoDKO3DR7MXS0jadxg%3D%3D,3 weeks ago
Python developer,Infosys,"Bengaluru East, Karnataka, India",https://in.linkedin.com/jobs/view/python-developer-at-infosys-4207528971?position=9&pageNum=0&refId=VmxXf8FF3qe57gat7cZuPw%3D%3D&trackingId=iO1k5uU3PjzSsi2K5cBcGg%3D%3D,5 days ago
Python Developer,Infosys,"Bengaluru, Karnataka, India",https://in.linkedin.com/jobs/view/python-developer-at-infosys-4165066051?position=10&pageNum=0&refId=VmxXf8FF3qe57gat7cZuPw%3D%3D&trackingId=i49XtU%2FT9RAXiaD%2FQdm17w%3D%3D,1 month ago
Python Developer,Jio,"Bengaluru, Karnataka, India",https://in.linkedin.com/jobs/view/python-developer-at-jio-4207305934?position=11&pageNum=0&refId=VmxXf8FF3qe57gat7cZuPw%3D%3D&trackingId=9wwjSsQ%2FFllBx4kO3lssTQ%3D%3D,4 weeks ago
Python Developer,Infosys,"Chandigarh, Chandigarh, India",https://in.linkedin.com/jobs/view/python-developer-at-infosys-4207500723?position=12&pageNum=0&refId=VmxXf8FF3qe57gat7cZuPw%3D%3D&trackingId=XQDHujWTNk0OUmJASaHElQ%3D%3D,6 days ago
Python Developer,Jio,Mumbai Metropolitan Region,https://in.linkedin.com/jobs/view/python-developer-at-jio-4207311159?position=13&pageNum=0&refId=VmxXf8FF3qe57gat7cZuPw%3D%3D&trackingId=zA2qFqFm0Yt%2FTpW4C4hj1Q%3D%3D,4 weeks ago
Python Developer (Advance),Infosys,"Bengaluru East, Karnataka, India",https://in.linkedin.com/jobs/view/python-developer-advance-at-infosys-4183474955?position=14&pageNum=0&refId=VmxXf8FF3qe57gat7cZuPw%3D%3D&trackingId=CxLpPxvKIjaV7p%2BQALzbzw%3D%3D,2 weeks ago
Python Developer,LTIMindtree,"Mumbai, Maharashtra, India",https://in.linkedin.com/jobs/view/python-developer-at-ltimindtree-4191887851?position=15&pageNum=0&refId=VmxXf8FF3qe57gat7cZuPw%3D%3D&trackingId=wgaFoIcFChNTiVyrcCIwEA%3D%3D,3 weeks ago
Python Developer,Infosys,"Bengaluru, Karnataka, India",https://in.linkedin.com/jobs/view/python-developer-at-infosys-4191884365?position=16&pageNum=0&refId=VmxXf8FF3qe57gat7cZuPw%3D%3D&trackingId=Y2ml3xgtJaLCiMc8SduDCA%3D%3D,N/A
Python Developer,Wipro,"Bengaluru, Karnataka, India",https://in.linkedin.com/jobs/view/python-developer-at-wipro-4211278556?position=17&pageNum=0&refId=VmxXf8FF3qe57gat7cZuPw%3D%3D&trackingId=ENjPzNyoECruzsgYsVIoKQ%3D%3D,2 days ago
Python Developer,Wipro Digital Operations and Platforms,"Gurugram, Haryana, India",https://in.linkedin.com/jobs/view/python-developer-at-wipro-digital-operations-and-platforms-4197580310?position=18&pageNum=0&refId=VmxXf8FF3qe57gat7cZuPw%3D%3D&trackingId=CWhETW8unS9RQfk8mck1Iw%3D%3D,2 weeks ago
"Software Engineer (Python, Gen AI)",DHL,"Cyberjaya, Selangor, Malaysia",https://my.linkedin.com/jobs/view/software-engineer-python-gen-ai-at-dhl-4204372031?position=19&pageNum=0&refId=VmxXf8FF3qe57gat7cZuPw%3D%3D&trackingId=i80GPKR%2B%2BWiZFsLPTzXTJg%3D%3D,1 week ago
Python Developer,LTIMindtree,"Chennai, Tamil Nadu, India",https://in.linkedin.com/jobs/view/python-developer-at-ltimindtree-4205916065?position=20&pageNum=0&refId=VmxXf8FF3qe57gat7cZuPw%3D%3D&trackingId=qlD9Lnn9xxSuSI%2FbO%2Bcb7w%3D%3D,1 week ago
Python Developer,CGI,"Bengaluru, Karnataka, India",https://in.linkedin.com/jobs/view/python-developer-at-cgi-4201095616?position=21&pageNum=0&refId=VmxXf8FF3qe57gat7cZuPw%3D%3D&trackingId=w50MwR2pLsjAVdAxq3prCA%3D%3D,2 weeks ago
Python Developer - Remote Work,BairesDev,"Bangalore Urban, Karnataka, India",https://in.linkedin.com/jobs/view/python-developer-remote-work-at-bairesdev-4192127953?position=22&pageNum=0&refId=VmxXf8FF3qe57gat7cZuPw%3D%3D&trackingId=G64Wpy5wazCzJG5DUs9W9A%3D%3D,3 weeks ago
Python Senior Developer,Infosys,"Bengaluru East, Karnataka, India",https://in.linkedin.com/jobs/view/python-senior-developer-at-infosys-4197137279?position=23&pageNum=0&refId=VmxXf8FF3qe57gat7cZuPw%3D%3D&trackingId=gb1DYGXoJCRsMcVFyNrMGA%3D%3D,2 weeks ago
Python Senior Developer,Infosys,"Bengaluru East, Karnataka, India",https://in.linkedin.com/jobs/view/python-senior-developer-at-infosys-4197140071?position=24&pageNum=0&refId=VmxXf8FF3qe57gat7cZuPw%3D%3D&trackingId=fjwvqB2KS%2BiQBit%2FFKAu5Q%3D%3D,2 weeks ago
Python SDET,Sony India,"Bengaluru, Karnataka, India",https://in.linkedin.com/jobs/view/python-sdet-at-sony-india-4160337033?position=25&pageNum=0&refId=VmxXf8FF3qe57gat7cZuPw%3D%3D&trackingId=XmoKEmhm8yUlRFXf80DoRw%3D%3D,1 month ago
Python SDET,Sony India,"Bengaluru, Karnataka, India",https://in.linkedin.com/jobs/view/python-sdet-at-sony-india-4160333823?position=26&pageNum=0&refId=VmxXf8FF3qe57gat7cZuPw%3D%3D&trackingId=8vFSNlHauDULEKgoOtTKkQ%3D%3D,1 month ago
Python Developer,Wipro,"Chennai, Tamil Nadu, India",https://in.linkedin.com/jobs/view/python-developer-at-wipro-4189744415?position=27&pageNum=0&refId=VmxXf8FF3qe57gat7cZuPw%3D%3D&trackingId=8J7IqJ%2F%2F2uyxC%2BrOj%2BzV5Q%3D%3D,3 weeks ago
"Software Developer – EDM ( Python, SQL )",S&P Global,"Noida, Uttar Pradesh, India",https://in.linkedin.com/jobs/view/software-developer-%E2%80%93-edm-python-sql-at-s-p-global-4168136170?position=28&pageNum=0&refId=VmxXf8FF3qe57gat7cZuPw%3D%3D&trackingId=DScMNFpjCcFAtXpRqo73kg%3D%3D,1 week ago
Python Developer,Wipro,"Bengaluru, Karnataka, India",https://in.linkedin.com/jobs/view/python-developer-at-wipro-4207477409?position=29&pageNum=0&refId=VmxXf8FF3qe57gat7cZuPw%3D%3D&trackingId=H9Rz22zTu2Ftujn%2FQcE4jQ%3D%3D,6 days ago
Python Senior Developer,Infosys,"Pune, Maharashtra, India",https://in.linkedin.com/jobs/view/python-senior-developer-at-infosys-4192929287?position=30&pageNum=0&refId=VmxXf8FF3qe57gat7cZuPw%3D%3D&trackingId=jSO6un9h8JV3no%2FEPqz2uw%3D%3D,2 weeks ago
Python Developer,Persistent Systems,Greater Hyderabad Area,https://in.linkedin.com/jobs/view/python-developer-at-persistent-systems-4205907469?position=31&pageNum=0&refId=VmxXf8FF3qe57gat7cZuPw%3D%3D&trackingId=tVnisM0LxV4Qa5LxnjGO1A%3D%3D,1 week ago
Python ML developer,Infosys,"Bengaluru East, Karnataka, India",https://in.linkedin.com/jobs/view/python-ml-developer-at-infosys-4195229554?position=32&pageNum=0&refId=VmxXf8FF3qe57gat7cZuPw%3D%3D&trackingId=A1GdJzuVgvigppBYLRWrcA%3D%3D,2 weeks ago
Python Senior Developer,Infosys,"Hyderabad, Telangana, India",https://in.linkedin.com/jobs/view/python-senior-developer-at-infosys-4190937356?position=33&pageNum=0&refId=VmxXf8FF3qe57gat7cZuPw%3D%3D&trackingId=0HMry1dUXVzSJBm%2BztIpeg%3D%3D,2 days ago
Python Developer,Wipro,"Hyderabad, Telangana, India",https://in.linkedin.com/jobs/view/python-developer-at-wipro-4204846227?position=34&pageNum=0&refId=VmxXf8FF3qe57gat7cZuPw%3D%3D&trackingId=wfVrrj4lEZSt69NAuSdwnw%3D%3D,1 week ago
Python Senior Developer,Infosys,"Pune, Maharashtra, India",https://in.linkedin.com/jobs/view/python-senior-developer-at-infosys-4197133894?position=35&pageNum=0&refId=VmxXf8FF3qe57gat7cZuPw%3D%3D&trackingId=g19blyX3RipqiELG42APIQ%3D%3D,2 weeks ago
Python Developer - Consultant,KPMG India,"Gurgaon, Haryana, India",https://in.linkedin.com/jobs/view/python-developer-consultant-at-kpmg-india-4207044991?position=36&pageNum=0&refId=VmxXf8FF3qe57gat7cZuPw%3D%3D&trackingId=cdJV05yWTeuR20WclMDkTw%3D%3D,1 month ago
PYTHON DEVELOPER BANGALORE,Terralogic,"Block 5, Karnataka, India",https://in.linkedin.com/jobs/view/python-developer-bangalore-at-terralogic-4185453636?position=37&pageNum=0&refId=VmxXf8FF3qe57gat7cZuPw%3D%3D&trackingId=YCZ370Ie8meKWTGyNAPqxA%3D%3D,4 weeks ago
Python Senior Developer,Infosys,"Bengaluru, Karnataka, India",https://in.linkedin.com/jobs/view/python-senior-developer-at-infosys-4190367625?position=38&pageNum=0&refId=VmxXf8FF3qe57gat7cZuPw%3D%3D&trackingId=h6HgAFg958gtaqhgsRDWiw%3D%3D,3 weeks ago
Python Senior Developer,Infosys,"Bhubaneswar, Odisha, India",https://in.linkedin.com/jobs/view/python-senior-developer-at-infosys-4191554872?position=39&pageNum=0&refId=VmxXf8FF3qe57gat7cZuPw%3D%3D&trackingId=syMpgD9Vp4hUeLC6eq%2BI%2Bg%3D%3D,N/A
Python Pyspark Developer,Infosys,"Bengaluru East, Karnataka, India",https://in.linkedin.com/jobs/view/python-pyspark-developer-at-infosys-4193758161?position=40&pageNum=0&refId=VmxXf8FF3qe57gat7cZuPw%3D%3D&trackingId=mM73aYLtlWKErn044DfYpA%3D%3D,2 weeks ago
Python Senior Developer,Infosys,"Pune, Maharashtra, India",https://in.linkedin.com/jobs/view/python-senior-developer-at-infosys-4203230404?position=41&pageNum=0&refId=VmxXf8FF3qe57gat7cZuPw%3D%3D&trackingId=5BYJ0w26Y3Qhdb%2BjKFtQ3w%3D%3D,1 week ago
Python Developer,IBM,"Quezon City, National Capital Region, Philippines",https://ph.linkedin.com/jobs/view/python-developer-at-ibm-4199455063?position=42&pageNum=0&refId=VmxXf8FF3qe57gat7cZuPw%3D%3D&trackingId=mc7YgQM7%2Fjgw44FMPIgTng%3D%3D,2 weeks ago
Python Developer,Tower Research Capital,"Gurgaon, Haryana, India",https://in.linkedin.com/jobs/view/python-developer-at-tower-research-capital-4165260013?position=43&pageNum=0&refId=VmxXf8FF3qe57gat7cZuPw%3D%3D&trackingId=FHEGrGY35gWwzBlDYDc34w%3D%3D,1 week ago
Python Developer,Virtusa,"Pune, Maharashtra, India",https://in.linkedin.com/jobs/view/python-developer-at-virtusa-4202837815?position=44&pageNum=0&refId=VmxXf8FF3qe57gat7cZuPw%3D%3D&trackingId=nBLS2Ykmb6JeeN2B7iRvAw%3D%3D,1 week ago
Python Developer - Remote Work,BairesDev,"Indore, Madhya Pradesh, India",https://in.linkedin.com/jobs/view/python-developer-remote-work-at-bairesdev-4192128887?position=45&pageNum=0&refId=VmxXf8FF3qe57gat7cZuPw%3D%3D&trackingId=NKgwL%2FDmfTjKRHzLD30%2FLw%3D%3D,3 weeks ago
Python Senior Developer,Infosys,"Hyderabad, Telangana, India",https://in.linkedin.com/jobs/view/python-senior-developer-at-infosys-4197134675?position=46&pageNum=0&refId=VmxXf8FF3qe57gat7cZuPw%3D%3D&trackingId=8bQrELmsURr%2BF1YtB8vmAQ%3D%3D,2 weeks ago
Backend Developer (Python) - Junior,SIGMATECH,"Jakarta, Jakarta, Indonesia",https://id.linkedin.com/jobs/view/backend-developer-python-junior-at-sigmatech-4190292945?position=47&pageNum=0&refId=VmxXf8FF3qe57gat7cZuPw%3D%3D&trackingId=eADRpeZWQAVn2s8bq%2FLVvQ%3D%3D,4 weeks ago
"Python , Django Developer",Infosys,"Chandigarh, Chandigarh, India",https://in.linkedin.com/jobs/view/python-django-developer-at-infosys-4203221505?position=48&pageNum=0&refId=VmxXf8FF3qe57gat7cZuPw%3D%3D&trackingId=%2BHgubb4bwwzMg7xFqyTA4g%3D%3D,1 week ago
Python Developer,[x]cube LABS,"Hyderabad, Telangana, India",https://in.linkedin.com/jobs/view/python-developer-at-x-cube-labs-3627613378?position=49&pageNum=0&refId=VmxXf8FF3qe57gat7cZuPw%3D%3D&trackingId=5hHWsVUG%2BC7Vh9x90NSFgw%3D%3D,1 year ago
Junior Python Engineer - Healthcare AI,Nao Medical,Nigeria,https://ng.linkedin.com/jobs/view/junior-python-engineer-healthcare-ai-at-nao-medical-4166232473?position=50&pageNum=0&refId=VmxXf8FF3qe57gat7cZuPw%3D%3D&trackingId=3swlvopm%2BePNYAyZa2JAmQ%3D%3D,1 month ago
Junior Python Engineer - Healthcare AI,Nao Medical,"South Sulawesi, Indonesia",https://id.linkedin.com/jobs/view/junior-python-engineer-healthcare-ai-at-nao-medical-4171285953?position=51&pageNum=0&refId=VmxXf8FF3qe57gat7cZuPw%3D%3D&trackingId=UMEFyzc%2FbddlV4nMN%2BJZmg%3D%3D,1 month ago
Python Developer,Ideas2IT Technologies,"Chennai, Tamil Nadu, India",https://in.linkedin.com/jobs/view/python-developer-at-ideas2it-technologies-4202563304?position=52&pageNum=0&refId=VmxXf8FF3qe57gat7cZuPw%3D%3D&trackingId=Kz03krdtkR3i1vw70Fbs7g%3D%3D,1 week ago
"Software Engineer | 1-3 years| Python, JavaScript, Typescript, MySQL, REACT",Cisco,"Bengaluru, Karnataka, India",https://in.linkedin.com/jobs/view/software-engineer-1-3-years-python-javascript-typescript-mysql-react-at-cisco-4194777079?position=53&pageNum=0&refId=VmxXf8FF3qe57gat7cZuPw%3D%3D&trackingId=w%2BwnXrvAJ%2B0empTh9cDjEg%3D%3D,N/A
Python Developer,Xerox,"Bengaluru, Karnataka, India",https://in.linkedin.com/jobs/view/python-developer-at-xerox-4177570743?position=54&pageNum=0&refId=VmxXf8FF3qe57gat7cZuPw%3D%3D&trackingId=En8ck3%2Bqnl1vmxX%2FC8IuXA%3D%3D,2 weeks ago
Python Developer,Xerox,"Bengaluru, Karnataka, India",https://in.linkedin.com/jobs/view/python-developer-at-xerox-4177567946?position=55&pageNum=0&refId=VmxXf8FF3qe57gat7cZuPw%3D%3D&trackingId=40u0l4R%2BezYoCrIRwkqUUg%3D%3D,2 weeks ago
"Backend Developer (Python, FastAPI)",HARMAN India,"Bengaluru, Karnataka, India",https://in.linkedin.com/jobs/view/backend-developer-python-fastapi-at-harman-india-4174839150?position=56&pageNum=0&refId=VmxXf8FF3qe57gat7cZuPw%3D%3D&trackingId=rqNHsvhxEZEoPQ9S7dK7kg%3D%3D,1 day ago
HDFC Securities - Web Developer - React.js,HDFC securities,"Bengaluru, Karnataka, India",https://in.linkedin.com/jobs/view/hdfc-securities-web-developer-react-js-at-hdfc-securities-4186440015?position=57&pageNum=0&refId=VmxXf8FF3qe57gat7cZuPw%3D%3D&trackingId=b4PvpaPJv05K22aPjPndTg%3D%3D,4 weeks ago
"Backend Developer (Python, FastAPI)",HARMAN India,"Bengaluru, Karnataka, India",https://in.linkedin.com/jobs/view/backend-developer-python-fastapi-at-harman-india-4174841074?position=58&pageNum=0&refId=VmxXf8FF3qe57gat7cZuPw%3D%3D&trackingId=VRzhkwOM7yIltUPDEYl%2F2Q%3D%3D,1 day ago
Engineer - Python & Django,Qualcomm,"Hyderabad, Telangana, India",https://in.linkedin.com/jobs/view/engineer-python-django-at-qualcomm-4204340297?position=59&pageNum=0&refId=VmxXf8FF3qe57gat7cZuPw%3D%3D&trackingId=a7LStAWBZO%2Bs3H5XHtcY1Q%3D%3D,1 week ago
Python Senior Developer,Infosys,"Bengaluru, Karnataka, India",https://in.linkedin.com/jobs/view/python-senior-developer-at-infosys-4149886295?position=60&pageNum=0&refId=VmxXf8FF3qe57gat7cZuPw%3D%3D&trackingId=L2g%2F638VrByfBZNBVnbQPg%3D%3D,1 month ago
Python SDET,Sony India,"Bengaluru, Karnataka, India",https://in.linkedin.com/jobs/view/python-sdet-at-sony-india-4160333823?position=1&pageNum=2&refId=Jv7hgxeEjjpPKDATDsEj8Q%3D%3D&trackingId=3gWZmzUk9BGXdKfoE6yLAQ%3D%3D,1 month ago
Python Developer,Wipro,"Chennai, Tamil Nadu, India",https://in.linkedin.com/jobs/view/python-developer-at-wipro-4189744415?position=2&pageNum=2&refId=Jv7hgxeEjjpPKDATDsEj8Q%3D%3D&trackingId=NtBcKkwvjWaGx620QJ5FSA%3D%3D,3 weeks ago
"Software Developer – EDM ( Python, SQL )",S&P Global,"Noida, Uttar Pradesh, India",https://in.linkedin.com/jobs/view/software-developer-%E2%80%93-edm-python-sql-at-s-p-global-4168136170?position=3&pageNum=2&refId=Jv7hgxeEjjpPKDATDsEj8Q%3D%3D&trackingId=q4pM%2Bw2Z03N8JWYmxxEtMA%3D%3D,1 week ago
Python Developer,Wipro,"Bengaluru, Karnataka, India",https://in.linkedin.com/jobs/view/python-developer-at-wipro-4207477409?position=4&pageNum=2&refId=Jv7hgxeEjjpPKDATDsEj8Q%3D%3D&trackingId=v0jxnVZhdIqE0OFo%2Fda9Ag%3D%3D,6 days ago
Python Senior Developer,Infosys,"Pune, Maharashtra, India",https://in.linkedin.com/jobs/view/python-senior-developer-at-infosys-4192929287?position=5&pageNum=2&refId=Jv7hgxeEjjpPKDATDsEj8Q%3D%3D&trackingId=X18YZe0wLw5AA4ffK%2BHQ9g%3D%3D,2 weeks ago
Python Developer,Persistent Systems,Greater Hyderabad Area,https://in.linkedin.com/jobs/view/python-developer-at-persistent-systems-4205907469?position=6&pageNum=2&refId=Jv7hgxeEjjpPKDATDsEj8Q%3D%3D&trackingId=svLArYVo9xHIjsWyijUDwg%3D%3D,1 week ago
Python ML developer,Infosys,"Bengaluru East, Karnataka, India",https://in.linkedin.com/jobs/view/python-ml-developer-at-infosys-4195229554?position=7&pageNum=2&refId=Jv7hgxeEjjpPKDATDsEj8Q%3D%3D&trackingId=s1sDcfHalF0PV0Xk0z7qzQ%3D%3D,2 weeks ago
Python Senior Developer,Infosys,"Hyderabad, Telangana, India",https://in.linkedin.com/jobs/view/python-senior-developer-at-infosys-4190937356?position=8&pageNum=2&refId=Jv7hgxeEjjpPKDATDsEj8Q%3D%3D&trackingId=7pLvA%2BvyE59NrAXw8%2F5Ivg%3D%3D,2 days ago
Python Developer,Wipro,"Hyderabad, Telangana, India",https://in.linkedin.com/jobs/view/python-developer-at-wipro-4204846227?position=9&pageNum=2&refId=Jv7hgxeEjjpPKDATDsEj8Q%3D%3D&trackingId=Bxzt4QQEZEeWkl8j%2FiX5JA%3D%3D,1 week ago
Python Senior Developer,Infosys,"Pune, Maharashtra, India",https://in.linkedin.com/jobs/view/python-senior-developer-at-infosys-4197133894?position=10&pageNum=2&refId=Jv7hgxeEjjpPKDATDsEj8Q%3D%3D&trackingId=9B2YTXAnVAB2ILQMS8CnKw%3D%3D,2 weeks ago
Junior Python Engineer - Healthcare AI,Nao Medical,"South Sulawesi, Indonesia",https://id.linkedin.com/jobs/view/junior-python-engineer-healthcare-ai-at-nao-medical-4171285953?position=1&pageNum=5&refId=P%2FTOeR8QnBwKU2s1oHRc%2Fg%3D%3D&trackingId=lGRMlBB%2BTvu7wc%2Fvw03h2w%3D%3D,1 month ago
Python Developer,Ideas2IT Technologies,"Chennai, Tamil Nadu, India",https://in.linkedin.com/jobs/view/python-developer-at-ideas2it-technologies-4202563304?position=2&pageNum=5&refId=P%2FTOeR8QnBwKU2s1oHRc%2Fg%3D%3D&trackingId=tosiq%2BnSL7tkR%2BEBXkOUxQ%3D%3D,1 week ago
"Software Engineer | 1-3 years| Python, JavaScript, Typescript, MySQL, REACT",Cisco,"Bengaluru, Karnataka, India",https://in.linkedin.com/jobs/view/software-engineer-1-3-years-python-javascript-typescript-mysql-react-at-cisco-4194777079?position=3&pageNum=5&refId=P%2FTOeR8QnBwKU2s1oHRc%2Fg%3D%3D&trackingId=6CZ9eLR96n6NtW5cOWnP9A%3D%3D,N/A
Python Developer,Xerox,"Bengaluru, Karnataka, India",https://in.linkedin.com/jobs/view/python-developer-at-xerox-4177570743?position=4&pageNum=5&refId=P%2FTOeR8QnBwKU2s1oHRc%2Fg%3D%3D&trackingId=B3LmpS1RUZq2eh30UpwV8Q%3D%3D,2 weeks ago
Python Developer,Xerox,"Bengaluru, Karnataka, India",https://in.linkedin.com/jobs/view/python-developer-at-xerox-4177567946?position=5&pageNum=5&refId=P%2FTOeR8QnBwKU2s1oHRc%2Fg%3D%3D&trackingId=WbSS%2FcaOTWOy%2B1GAll45FQ%3D%3D,2 weeks ago
"Backend Developer (Python, FastAPI)",HARMAN India,"Bengaluru, Karnataka, India",https://in.linkedin.com/jobs/view/backend-developer-python-fastapi-at-harman-india-4174839150?position=6&pageNum=5&refId=P%2FTOeR8QnBwKU2s1oHRc%2Fg%3D%3D&trackingId=fB8lZPcDVuE3U7fm5ay%2Bpw%3D%3D,1 day ago
HDFC Securities - Web Developer - React.js,HDFC securities,"Bengaluru, Karnataka, India",https://in.linkedin.com/jobs/view/hdfc-securities-web-developer-react-js-at-hdfc-securities-4186440015?position=7&pageNum=5&refId=P%2FTOeR8QnBwKU2s1oHRc%2Fg%3D%3D&trackingId=qNEpbU1XLu6XKAna8jUz7Q%3D%3D,4 weeks ago
"Backend Developer (Python, FastAPI)",HARMAN India,"Bengaluru, Karnataka, India",https://in.linkedin.com/jobs/view/backend-developer-python-fastapi-at-harman-india-4174841074?position=8&pageNum=5&refId=P%2FTOeR8QnBwKU2s1oHRc%2Fg%3D%3D&trackingId=bfCS%2ByRQovPnGGGpP6KLzw%3D%3D,1 day ago
Engineer - Python & Django,Qualcomm,"Hyderabad, Telangana, India",https://in.linkedin.com/jobs/view/engineer-python-django-at-qualcomm-4204340297?position=9&pageNum=5&refId=P%2FTOeR8QnBwKU2s1oHRc%2Fg%3D%3D&trackingId=UCM%2BGchiKY0hQbpb6b1cJw%3D%3D,1 week ago
Python Senior Developer,Infosys,"Bengaluru, Karnataka, India",https://in.linkedin.com/jobs/view/python-senior-developer-at-infosys-4149886295?position=10&pageNum=5&refId=P%2FTOeR8QnBwKU2s1oHRc%2Fg%3D%3D&trackingId=HfREtm%2B9QKGQ%2Fm1uSmOG0A%3D%3D,1 month ago
